item,supplier,unit_cost_eur_net,qty,phase,mass_kg,link,description
M6 nuts for Ø8/M6 shoulder screws - ankle gimbal + pushrod pivots,Amazon / AliExpress,0.2,6,Phase 1,,https://www.amazon.it/Acciaio-Controdado-Esagonale-Inserto-Autobloccante/dp/B0C8ZCR6B1,"Six standard M6 nuts for the selected Ø8/M6 shoulder screws: 2 nuts for the 45 mm ankle gimbal screws and 4 nuts for the 16 mm pushrod rod-end pivot screws. Geometry to reserve in CAD: M6 hex across flats 10 mm, circumscribed hex diameter about 11.55 mm; normal M6 locknut height is about 6 mm."
AliExpress adjustable aluminum M8 pushrod - 140 mm ankle link,AliExpress,7,2,Phase 1,0.048,https://it.aliexpress.com/item/1005008935554718.html,"Adjustable aluminum M8 pushrod/link for the parallel/differential ankle. Selected long variant: 140 mm. CAD body mass estimate: 23.8 g each, excluding the separately listed igubal ends and M8 jam nuts."
AliExpress adjustable aluminum M8 pushrod - 40 mm ankle link,AliExpress,7,2,Phase 1,0.014,https://it.aliexpress.com/item/1005008935554718.html,"Adjustable aluminum M8 pushrod/link for the parallel/differential ankle. Selected short variant: 40 mm. CAD body mass estimate: 6.8 g each, excluding the separately listed igubal ends and M8 jam nuts."
"igus igubal KARM-08 CL / KARM_08_CL_1 - M8 right-hand male rod end, Ø8 bore, ±35°",igus,0,2,Phase 1,0.012,https://www.igus.com/product?artNr=KARM-08-CL,"Selected right-hand spherical rod ends for the ankle pushrods: igus igubal KARM-08 CL, model KARM_08_CL_1, male M8 right-hand thread, Ø8 E10 ball bore for the Ø8/M6 shoulder screws, pivot angle ±35°, weight 6.2 g each."
"igus igubal KALM-08 CL - M8 left-hand male rod end, Ø8 bore, ±35°",igus / ERIKS,0,2,Phase 1,0.012,https://shop.eriks.de/de/waelzlager-gelenklager-und-gelenkkoepfe-gelenkkoepfe/gelenkkopf-wartungsfrei-igumid-g-iglidur-j-aussengewinde-links-serie-kalm-cl-j-pr2079035551789/,"Selected left-hand spherical rod ends for the ankle pushrods: igus igubal KALM-08 CL family, male M8 left-hand thread, Ø8 E10 ball bore for the Ø8/M6 shoulder screws, target pivot angle ±35° matching the KARM-08 CL geometry."
"DIN 439 M8 thin jam nut, right-hand thread - pushrod length lock",Accu / Fabory,0.5,2,Phase 1,0.004,https://www.accu.co.uk/thin-hexagon-nuts/73062-HFN-M8-A2,"Thin right-hand jam nuts for locking the two KARM-08 right-hand rod ends after pushrod length adjustment. Standard DIN 439 / ISO 4035 M8 x 1.25 geometry: height along thread 4.0 mm, across flats 13 mm, circumscribed hex diameter about 15.0 mm."
"DIN 439 M8 thin jam nut, left-hand thread - pushrod length lock",Accu / Fabory,0.5,2,Phase 1,0.004,https://accu-components.com/us/left-hand-thread-hex-jam-nuts/73142-HFNL-M8-A2,"Thin left-hand jam nuts for locking the two KALM-08 left-hand rod ends after pushrod length adjustment. Standard DIN 439 / ISO 4035 M8 x 1.25 left-hand geometry: height along thread 4.0 mm, across flats 13 mm, circumscribed hex diameter about 15.0 mm."
AliExpress black shoulder screw Ø8 x M6 x 45 mm - ankle gimbal pitch/roll axes,AliExpress,2,2,Phase 1,,https://it.aliexpress.com/item/1005007885495357.html,"Selected shoulder screws for the ankle offset gimbal: Ø8 mm shoulder diameter, M6 thread, 45 mm shoulder length. Use two screws stacked in Z: higher screw = pitch axis, lower screw = roll axis."
AliExpress black shoulder screw Ø8 x M6 x 16 mm - pushrod rod-end pivots,AliExpress,2,4,Phase 1,,https://it.aliexpress.com/item/1005007885495357.html,"Selected shoulder screws for the M8 pushrod rod-end pivots: Ø8 mm shoulder diameter, M6 thread, 16 mm shoulder length. The Ø8 shoulder passes through the rod-end spherical bearing."
Heat-set brass threaded inserts M3/M4/M5,Prusa / VXB,25,1,Phase 1,,https://www.prusa3d.com/product/threaded-inserts-m4-short-50-pcs/,Reusable threads for PA-CF printed parts.
"M3/M4/M5 screw, nut and washer assortment",Amazon,35,1,Phase 1,,https://www.amazon.it/SANTOO-Acciaio-Esagonale-Assortimento-Fissaggio/dp/B07RV2SFX6,"General hardware for motors, brackets and covers."
"ISO 4762 socket-head cap screw M3 x 10 mm, steel, full thread",MISUMI / Würth / RS,0.04,8,Phase 1,,https://it.misumi-ec.com/vona2/detail/110302217940/?HissuCode=CB3-10,Eight installed on the two RS05 neck actuators: four per actuator. Thread length is 10 mm; the socket head is not included in this length.
"ISO 4762 socket-head cap screw M3 x 15 mm, steel, full thread",MISUMI / Würth / RS,0.05,184,Phase 1,,https://it.misumi-ec.com/vona2/detail/110302217940/?HissuCode=CB3-15,Installed motor fasteners: 8 per RS06 x 11 actuators plus 12 per RS00 x 8 actuators = 184 screws. Thread length is 15 mm; head excluded.
"ISO 4762 socket-head cap screw M4 x 15 mm, steel, full thread",MISUMI / Würth / RS,0.06,201,Phase 1,,https://it.misumi-ec.com/vona2/detail/110302217940/?HissuCode=CB4-15,Installed motor fasteners: 6 per RS06 x 11 actuators + 15 per RS04 x 6 actuators + 15 per RS03 x 3 actuators = 201 screws. Thread length is 15 mm; head excluded.
"ISO 4762 socket-head cap screw M4 x 20 mm, steel, full thread",MISUMI / Würth / RS,0.07,12,Phase 1,,https://it.misumi-ec.com/vona2/detail/110302217940/?HissuCode=CB4-20,"Six installed on each RS05 neck actuator, two actuators total. Thread length is 20 mm; head excluded."
Loctite 243 medium-strength threadlocker,Amazon,10,1,Phase 1,,https://www.amazon.it/Loctite-243-Frenafiletti-resistenza-azione/dp/B003ZUXQIA,Threadlocker for screws exposed to vibration.
RobStride 04 - legs: hip pitch/roll + knee (3/leg),Seeed / RobStride,235,6,Phase 2,8.716,https://www.seeedstudio.com/Robostride-04-Actuator-p-6775.html,"Axes: hip pitch/roll + knee, 3 per leg. RobStride PDF 2025-06-26 dimensions: OD 120 mm, length 56 mm. Weight: 1.420 kg. RobStride torque: 40 Nm rated, 120 Nm peak."
RobStride 03 - leg hip yaw (1/leg),Seeed / RobStride,214,2,Phase 2,1.825,https://www.seeedstudio.com/Robostride-03-Actuator-p-6774.html,"Axis: hip yaw, 1 per leg. RobStride PDF 2025-06-26 dimensions: OD 98 mm, length 54.1 mm. Weight: 0.900 kg. RobStride torque: 20 Nm rated, 60 Nm peak."
RobStride 06 - ankle pushrod/differential drive A/B (2/leg),Seeed / RobStride,200,4,Phase 2,2.572,https://www.seeedstudio.com/Robostride-06-Actuator-p-6668.html,"Physical ankle actuators A/B: 2 motors per leg in the shin, acting through two pushrods. Do not label them as direct pitch/roll motors in CAD: virtual pitch and roll come from geometry and the A/B mixing map. RobStride PDF 2025-06-26 dimensions: OD 88 mm, length 49 mm. Weight: 0.621 kg. RobStride torque: 11 Nm rated, 36 Nm peak."
RobStride 06 - G1 waist yaw,Seeed / RobStride,200,1,Phase 3,0.643,https://www.seeedstudio.com/Robostride-06-Actuator-p-6668.html,"Axis: waist yaw, vertical motor mounted above the lower waist-roll stage and rotating the torso/yaw assembly. RobStride PDF 2025-06-26 dimensions: OD 88 mm, length 49 mm. Weight: 0.621 kg. RobStride torque: 11 Nm rated, 36 Nm peak."
RobStride 03 - direct serial waist roll below yaw,Seeed / RobStride,210,1,Phase 3,0.913,https://www.seeedstudio.com/Robostride-03-Actuator-p-6774.html,"Axis: waist roll, direct front-back axis mounted below the yaw joint. RobStride PDF 2025-06-26 dimensions: OD 98 mm, length 54.1 mm. Weight: 0.900 kg. RobStride torque: 20 Nm rated, 60 Nm peak."
RobStride 06 - proximal shoulder pitch/roll (2/arm) - RIGHT arm,Seeed / RobStride,200,2,Phase 1,1.286,https://www.seeedstudio.com/Robostride-06-Actuator-p-6668.html,"Axes: proximal shoulder pitch/roll, 2 per arm. RobStride PDF 2025-06-26 dimensions: OD 88 mm, length 49 mm. Weight: 0.621 kg. RobStride torque: 11 Nm rated, 36 Nm peak."
RobStride 06 - proximal shoulder pitch/roll (2/arm) - LEFT arm,Seeed / RobStride,200,2,Phase 3,1.286,https://www.seeedstudio.com/Robostride-06-Actuator-p-6668.html,"Axes: proximal shoulder pitch/roll, 2 per arm. RobStride PDF 2025-06-26 dimensions: OD 88 mm, length 49 mm. Weight: 0.621 kg. RobStride torque: 11 Nm rated, 36 Nm peak."
RobStride 00 - light shoulder yaw (1/arm) - RIGHT arm,Seeed / RobStride,116,1,Phase 1,0.323,https://www.seeedstudio.com/Robostride-00-Actuator-p-6664.html,"Axis: shoulder yaw, the most distal shoulder axis. RobStride PDF 2025-06-26 dimensions: OD 57 mm, length 51 mm. Weight: 0.310 kg. RobStride torque: 5 Nm rated, 14 Nm peak."
RobStride 00 - light shoulder yaw (1/arm) - LEFT arm,Seeed / RobStride,116,1,Phase 3,0.323,https://www.seeedstudio.com/Robostride-00-Actuator-p-6664.html,"Axis: shoulder yaw, the most distal shoulder axis. RobStride PDF 2025-06-26 dimensions: OD 57 mm, length 51 mm. Weight: 0.310 kg. RobStride torque: 5 Nm rated, 14 Nm peak."
RobStride 06 - elbow (1/arm) - RIGHT arm,Seeed / RobStride,200,1,Phase 1,0.643,https://www.seeedstudio.com/Robostride-06-Actuator-p-6668.html,"Axis: elbow, 1 per arm. RobStride PDF 2025-06-26 dimensions: OD 88 mm, length 49 mm. Weight: 0.621 kg. RobStride torque: 11 Nm rated, 36 Nm peak."
RobStride 06 - elbow (1/arm) - LEFT arm,Seeed / RobStride,200,1,Phase 3,0.643,https://www.seeedstudio.com/Robostride-06-Actuator-p-6668.html,"Axis: elbow, 1 per arm. RobStride PDF 2025-06-26 dimensions: OD 88 mm, length 49 mm. Weight: 0.621 kg. RobStride torque: 11 Nm rated, 36 Nm peak."
RobStride 00 - uniform 3-axis wrist: roll (1/arm) - RIGHT arm,Seeed / RobStride,116,1,Phase 1,0.323,https://www.seeedstudio.com/Robostride-00-Actuator-p-6664.html,"Axis: wrist roll, 1 per arm. RobStride PDF 2025-06-26 dimensions: OD 57 mm, length 51 mm. Weight: 0.310 kg. RobStride torque: 5 Nm rated, 14 Nm peak."
RobStride 00 - uniform 3-axis wrist: roll (1/arm) - LEFT arm,Seeed / RobStride,116,1,Phase 3,0.323,https://www.seeedstudio.com/Robostride-00-Actuator-p-6664.html,"Axis: wrist roll, 1 per arm. RobStride PDF 2025-06-26 dimensions: OD 57 mm, length 51 mm. Weight: 0.310 kg. RobStride torque: 5 Nm rated, 14 Nm peak."
RobStride 00 - uniform 3-axis wrist: pitch/yaw (2/arm) - RIGHT arm,Seeed / RobStride,116,2,Phase 1,0.647,https://www.seeedstudio.com/Robostride-00-Actuator-p-6664.html,"Axes: wrist pitch/yaw, 2 per arm. RobStride PDF 2025-06-26 dimensions: OD 57 mm, length 51 mm. Weight: 0.310 kg. RobStride torque: 5 Nm rated, 14 Nm peak."
RobStride 00 - uniform 3-axis wrist: pitch/yaw (2/arm) - LEFT arm,Seeed / RobStride,116,2,Phase 3,0.647,https://www.seeedstudio.com/Robostride-00-Actuator-p-6664.html,"Axes: wrist pitch/yaw, 2 per arm. RobStride PDF 2025-06-26 dimensions: OD 57 mm, length 51 mm. Weight: 0.310 kg. RobStride torque: 5 Nm rated, 14 Nm peak."
RobStride 05 - G1-Comp neck pan/tilt (2 axes),Seeed / RobStride,100,2,Phase 3,0.423,https://www.seeedstudio.com/Robostride-05-Actuator-p-6666.html,"Axes: G1-Comp neck pan/tilt. RobStride PDF 2025-06-26 dimensions: OD 46 mm, length 44 mm. Weight: 0.191 kg. RobStride torque: 1.6 Nm rated, 5.5 Nm peak."
"Inspire Robots RH56DFX-2L dexterous hand, left, without wrist",Reichelt Italia - ALREADY OWNED (lab),0,1,Phase 3,0.54,https://www.reichelt.com/it/it/shop/prodotto/rh56dfx_-_mano_robotica_destreggiata_senza_polso_sinistra-426921,"Left six-actuator dexterous hand without the Inspire wrist module. Six actuated DOF, 12 moving joints, 24 V supply, RS485 communication, 217.8 mm overall length, about 80.7 mm palm width and 0.540 kg mass."
"Inspire Robots RH56DFX-2R dexterous hand, right, without wrist",Reichelt Italia - ALREADY OWNED (lab),0,1,Phase 1,0.54,https://www.reichelt.com/it/it/shop/prodotto/rh56dfx_-_mano_robotica_destreggiata_senza_polso_destra-426913,"Right six-actuator dexterous hand without the Inspire wrist module. Six actuated DOF, 12 moving joints, 24 V supply, RS485 communication, 217.8 mm overall length, about 80.7 mm palm width and 0.540 kg mass."
"MEAN WELL RSP-3000-48 bench supply (48 V, 3000 W)",DigiKey,511.5,1,Phase 1,,https://www.digikey.com/en/products/detail/mean-well-usa-inc/RSP-3000-48/7706324,"Bench AC/DC supply: 230 VAC input to 48 VDC motor bus, up to 62.5 A / 3000 W. Size 278 x 177.8 x 63.5 mm, weight about 4.0 kg. Not carried onboard."
"Schuko mains cable -> free ends, H07RN-F 3G1.5, 3 m, IP44",Amazon (generic),8.2,1,Phase 1,,https://www.amazon.it/s?k=cavo+H07RN-F+3G1.5+spina+schuko,"Mains cable for the Mean Well AC input terminals: line, neutral and protective earth. Do not use an IEC C13 cord for this supply."
"Schneider XB4BS8442 - red 40 mm emergency stop, twist release, 1NC",RS Italia,31.04,1,Phase 1,0.07,https://it.rs-online.com/web/p/pulsanti-di-arresto-di-emergenza/7951306,Manual emergency-stop button. Its normally-closed contact drives the contactor coil circuit; pressing it drops the contactor and removes 48 V from the motors.
"TE Connectivity KILOVAC LEV100A5ANG - 100 A main DC contactor, 24 V coil",DigiKey / Mouser / Farnell,150.93,1,Phase 1,0.19,https://www.digikey.it/it/products/detail/te-connectivity-aerospace-defense-and-marine/LEV100A5ANG/2362833,"Only onboard high-current disconnect. The normally-open contactor removes battery power from all RobStride motor branches when the hardware e-stop opens its 24 V coil circuit. Body diameter 39.5 mm, mounting-flange width 46.3 mm, total height 57.96 mm; mass 0.190 kg."
Littelfuse BF1 142.5631.5702 - main fuse 70A 58VDC M5 for compact P45B battery,DigiKey,4.3,1,Phase 1,0.01,https://www.digikey.com/en/products/detail/littelfuse-inc/142-5631-5702/2515910,"Main slow-blow fuse on the positive line, as close as practical to the 48 V source. Protects the 25 mm2 trunk and is a more credible baseline for the selected compact 45 A continuous / 100 A maximum BMS pack than the previous 125 A fuse."
"Littelfuse 04980921GXM5 - inline MIDI/BF1 fuse holder, 58 VDC, with cover - main + right arm",Mouser,8,2,Phase 1,0.06,https://www.mouser.com/ProductDetail/Littelfuse/04980921GXM5?qs=aOs975IaWlkzQw1Up%2FmjHQ%3D%3D,Insulated inline fuse holder with cover and M5 hardware for the main fuse and branch fuses.
"Littelfuse 04980921GXM5 - inline MIDI/BF1 fuse holder, 58 VDC, with cover - legs",Mouser,8,2,Phase 2,0.06,https://www.mouser.com/ProductDetail/Littelfuse/04980921GXM5?qs=aOs975IaWlkzQw1Up%2FmjHQ%3D%3D,Insulated inline fuse holder with cover and M5 hardware for the main fuse and branch fuses.
"Littelfuse 04980921GXM5 - inline MIDI/BF1 fuse holder, 58 VDC, with cover - waist + left arm",Mouser,8,2,Phase 3,0.06,https://www.mouser.com/ProductDetail/Littelfuse/04980921GXM5?qs=aOs975IaWlkzQw1Up%2FmjHQ%3D%3D,Insulated inline fuse holder with cover and M5 hardware for the main fuse and branch fuses.
"Vishay Dale RHA050100R0FE02 - chassis precharge resistor, 100 ohm, 50 W",DigiKey,8.75,1,Phase 1,0.05,https://www.digikey.com/en/products/detail/vishay-dale/RHA050100R0FE02/15191925,"Panel-mounted precharge resistor. It charges the distributed DC-link capacitance of the 30 actuators and harness before the main contactor closes, reducing inrush current and arcing."
"CIT Relay A2K1CSQ24VDC1.6 - compact precharge relay, 24 V coil",DigiKey,6.1,1,Phase 1,0.04,https://www.digikey.com/en/products/detail/cit-relay-and-switch/A2K1CSQ24VDC1-6/16687908,"Precharge-branch relay: on enable it connects the 100 ohm resistor across the main contactor. After the measured bus reaches the required voltage, the LEV100 closes and bypasses the resistor."
[DESIGN DELIVERABLE - NOT A PURCHASE] SEQ-PWR-01 safety-chain and precharge wiring drawing,Project electrical documentation,0,1,Phase 1,,https://www.digikey.it/it/products/detail/te-connectivity-aerospace-defense-and-marine/LEV100A5ANG/2362833,"Hardware sequencing selected 2026-07-17, no custom PCB: 24 V safety fuse -> latching e-stop NC -> START button with CIT seal-in latch relay -> precharge CIT relay + H3YN-2 on-delay timer -> timer contact -> LEV100 coil. Pressing START begins precharge and the delay; the timer closes the LEV100 on an already-charged bus; releasing the e-stop never restarts the bus, only START does. The deliverable is the released wiring drawing: terminals, wire gauges and colours, TVS placement at all three coils, mounting of latch relay, timer socket and button, and the frozen timer setting."
"Schneider XB5AA31 - green 22 mm flush START pushbutton, momentary, 1NO",Schneider / RS / distributors,15,1,Phase 1,0.03,https://www.se.com/ww/en/product/XB5AA31/,"Manual START command of the motor-bus power-up sequence, mounted on the outer shell next to the e-stop. Pressing it energizes the seal-in latch, which starts precharge and the on-delay timer. Panel hole diameter 22 mm; same XB5 family as the selected e-stop."
"CIT Relay A2K1CSQ24VDC1.6 - START seal-in latch relay, 24 V coil",DigiKey,6.1,1,Phase 1,0.04,https://www.digikey.com/en/products/detail/cit-relay-and-switch/A2K1CSQ24VDC1-6/16687908,"Second unit of the same exact relay used for precharge, wired as a seal-in latch: START energizes the coil, one contact holds it in through the e-stop chain, and the latched node feeds the precharge relay coil and the timer. E-stop or loss of 24 V drops the latch, and the bus stays down until START is pressed again."
"Omron H3YN-2 DC24 - miniature multifunction on-delay timer relay, 24 VDC",DigiKey / Mouser / RS,40,1,Phase 1,0.05,https://www.digikey.com/en/products/result?keywords=H3YN-2%20DC24,"Brand-name on-delay element of the precharge sequence: powered from the latched node, it closes the LEV100 coil circuit only after the set delay, so the main contactor always closes on a precharged bus. Miniature MY-relay footprint, plugs into the PYF08A-E socket below; body about 21.5 x 28 x 42 mm plus socket."
Omron PYF08A-E - screw-terminal socket for H3YN-2 timer,DigiKey / Mouser / RS,5,1,Phase 1,0.03,https://www.digikey.com/en/products/result?keywords=PYF08A-E,"Screw-terminal socket for the plug-in H3YN-2 timer; DIN-rail or two-screw panel mounting. Timer plus socket stand about 80 mm tall: reserve about 25 x 35 x 80 mm standing, or lay the assembly flat."
Littelfuse 1.5KE33CA - bidirectional TVS for LEV100 and CIT 24 V coils,DigiKey,0.65,3,Phase 1,0.003,https://www.digikey.com/en/products/result?keywords=1.5KE33CA,"Transient suppressors mounted directly at the three 24 V coil terminals: LEV100 main contactor, CIT precharge relay and CIT START latch relay. They limit switch-off voltage spikes without the slow drop-out of a plain flyback diode, keeping e-stop opening fast."
"Eaton Bussmann 16220-2 - 2-pole distribution block, 175 A, 600 V AC/DC",DigiKey,65,1,Phase 1,0.151,https://www.digikey.com/en/products/detail/eaton-bussmann-electrical-division/16220-2/5449651,"Exactly one downstream insulated block splits the switched actuator bus into left leg, right leg, waist/neck, left arm and right arm branches. It is not duplicated: the unswitched battery tap for the WEHO compute rail is a simple protected branch upstream of the LEV100."
"Littelfuse BF1 142.5631.5702 - leg branch fuse, 70 A, 58 VDC, M5",DigiKey,4.3,2,Phase 2,0.02,https://www.digikey.com/en/products/detail/littelfuse-inc/142-5631-5702/2515910,"Two slow-blow fuses, one per leg, on the positive 16 mm2 branch cables."
"Littelfuse BF1 142.5631.5402 - waist/neck branch fuse, 40 A, 58 VDC, M5",DigiKey,4.3,1,Phase 3,0.01,https://www.digikey.com/en/products/detail/littelfuse-inc/142-5631-5402/2515916,Slow-blow fuse on the waist/neck positive 6 mm2 branch.
"Littelfuse BF1 142.5631.5302 - arm branch fuse, 30 A, 58 VDC, M5 - RIGHT arm",DigiKey,4.3,1,Phase 1,0.01,https://www.digikey.com/en/products/detail/littelfuse-inc/142-5631-5302/2515908,"Two slow-blow fuses, one per arm, on the positive 6 mm2 branch cables."
"Littelfuse BF1 142.5631.5302 - arm branch fuse, 30 A, 58 VDC, M5 - LEFT arm",DigiKey,4.3,1,Phase 3,0.01,https://www.digikey.com/en/products/detail/littelfuse-inc/142-5631-5302/2515908,"Two slow-blow fuses, one per arm, on the positive 6 mm2 branch cables."
Littelfuse 0FHM0002XP - waterproof inline MINI fuse holder for safety-control branch,DigiKey,9.75,1,Phase 1,0.03,https://www.digikey.com/en/products/detail/littelfuse-commercial-vehicle-products/0FHM0002XP/3427089,Inline fuse holder for the 24 V safety-control branch: the e-stop chain and the LEV100 contactor and CIT precharge-relay coil circuits.
"Littelfuse 0997002.WXN - MINI fuse for safety-control branch, 2 A, 58 VDC",DigiKey,0.95,1,Phase 1,0.001,https://www.digikey.com/en/products/detail/littelfuse-inc/0997002-WXN/701054,Dedicated fuse for the e-stop chain and the LEV100/CIT 24 V coil circuits.
Littelfuse 0FHM0002XP - waterproof input fuse holder for 24 V converter,DigiKey,9.75,1,Phase 1,0.03,https://www.digikey.com/en/products/detail/littelfuse-commercial-vehicle-products/0FHM0002XP/3427089,One input fuse holder for the selected WEHO WH-C482410 24 V converter. The compute rail remains upstream of the actuator contactor so Thor logs an e-stop event.
Littelfuse 0997015.WXN - 15 A 58 VDC MINI input fuse for 24 V converter,DigiKey,0.95,1,Phase 1,0.001,https://www.digikey.com/en/products/detail/littelfuse-inc/0997015-WXN/701060,"Input fuse for the selected 240 W converter. At 240 W, 42 V battery and 96% efficiency, worst-case continuous input is about 6.0 A."
"Littelfuse 0FHM0002XP - 24 V output branch fuse holders for Thor, hands and USB hub",DigiKey,9.75,3,Phase 1,0.09,https://www.digikey.com/en/products/detail/littelfuse-commercial-vehicle-products/0FHM0002XP/3427089,"Three protected 24 V outputs from the selected WEHO rail: one for Thor, one for both RH56DFX hands and one for the powered USB hub. The baseline e-stop opens only the motor contactor; Thor remains alive to log it."
Littelfuse 0997010.WXN - 10 A 58 VDC MINI fuse for Thor 24 V branch,DigiKey,0.95,1,Phase 1,0.001,https://www.digikey.com/en/products/detail/littelfuse-inc/0997010-WXN/701059,Dedicated output fuse between the 24 V rail and Thor Micro-Fit harness. Thor accepts up to 8 A at 9-28 V; use adequately sized conductors and keep the selected nvpmodel at or below 130 W.
Littelfuse 0997015.WXN - 15 A 58 VDC MINI fuse for both hands at 24 V,DigiKey,0.95,1,Phase 1,0.001,https://www.digikey.com/en/products/detail/littelfuse-inc/0997015-WXN/701060,"Output fuse feeding both RH56DFX hands from the shared WEHO 24 V rail. The RH56DFX manual lists 2 A maximum per hand at 24 V; 15 A leaves startup margin, but measure real simultaneous hand current before final fuse release."
Littelfuse 0997002.WXN - 2 A 58 VDC MINI fuse for powered USB hub at 24 V,DigiKey,0.95,1,Phase 2,0.001,https://www.digikey.com/en/products/detail/littelfuse-inc/0997002-WXN/701054,Output fuse for the Waveshare four-port industrial USB hub. Its maximum downstream USB budget is 25 W; 2 A at 24 V leaves conversion and startup margin.
"Bicycle Motor Works 48V 9Ah Molicel P45B compact battery, 13S2P, 45A/100A BMS",Bicycle Motor Works,358.7,1,Phase 1,2.27,https://www.bicyclemotorworks.com/product-page/48v-94ah-molicel-p45b-lithium-ion-ebike-battery,"Selected compact G1-energy battery format: 13S2P with 26 Molicel P45B 21700 cells, 46.8 V nominal, 54.6 V full, 9 Ah and 421.2 Wh. Integrated balancing/protection BMS, 45 A continuous / 100 A maximum, XT90-S anti-spark discharge and XT60 charge lead. Published envelope 165.1 x 101.6 x 76.2 mm (6.5 x 4 x 3 in); published mass is under 5 lb, so CAD/BOM conservatively use 2.27 kg."
"WEHO WH-C482410 enclosed DC/DC converter, 48 V to 24 V, 10 A, 240 W",WEHO (manufacturer direct),0,1,Phase 1,0.3,https://www.wehopower.com/product/48v-to-24v-10a-240w-dc-to-dc-converter,"Selected compact walking configuration: sealed non-isolated DC/DC from the 13S battery to a 24 V / 10 A / 240 W rail for Thor, the powered USB hub, low-power interfaces and, per user decision 2026-07-17, both RH56DFX hands. Envelope 74 x 74 x 32 mm; mass 0.300 kg; 160 mm flying leads."
RobStride USB-to-CAN Adapter Type-C (official debug tool),Seeed,15,1,Phase 1,,https://www.seeedstudio.com/Robostride-CAN-USB-Driver-Board-p-6708.html,"Bench tool for RobStride ID setup, zeroing, test and firmware update from a PC."
Waveshare USB TO 2CH RS485 isolated adapter for RH56DFX hands,Waveshare,15.74,1,Phase 1,0.05,https://www.waveshare.com/product/usb-to-2ch-rs485.htm,"Two independent isolated USB-to-RS485 channels, one per hand, based on FT2232HL. Linux-compatible interface between Thor and the two RH56DFX hand buses. Board size 81.9 x 54 x 32 mm."
Waveshare USB3.2-Gen1-HUB-4U powered industrial 4-port USB 3.2 hub,Waveshare / distributors,15.74,1,Phase 2,0.15,https://www.waveshare.com/usb3.2-gen1-hub-4u.htm,Compact powered hub for exactly three MKS CANable Pro interfaces plus the pelvis IMU. Input 7-36 VDC from the dedicated fused 24 V branch; four USB-A downstream ports and one USB-A upstream lead. Metal enclosure 86.0 x 47.8 x 27.6 mm; CAD mass budget 0.150 kg because the manufacturer does not publish mass.
"LINDY 36940 USB 2.0 Type-C to Type-B cable, 0.5 m, for dual RS485 adapter",Conrad / Reichelt / LINDY,4.79,1,Phase 1,,https://www.conrad.it/it/p/lindy-cavo-usb-usb-2-0-spina-usb-c-spina-usb-b-0-50-m-nero-36940-2842258.html,Direct data cable from one host-capable Thor USB-C port to the USB-B input of the Waveshare USB TO 2CH RS485 hand adapter. USB 2.0 is sufficient for the two RS485 channels; 0.5 m avoids a long cable coil inside the torso.
Seeed BCCA4011 - XT30 (2+2) straight/right-angle F-F 300 mm cable for leg RS06 motors,Seeed,7.4,4,Phase 2,0.14,https://www.seeedstudio.com/Power-Cable-XT30-2-2-Female-to-XT30-2-2-Female-300mm-p-6819.html,"Ready-made power + CAN cable for the four leg RS06 ankle motors. Two XT30 (2+2)-F ends, one straight and one 90-degree, 16 AWG power and 26 AWG signal wires."
Seeed BCCA4011 - XT30 (2+2) straight/right-angle F-F 300 mm cable for upper-body RS00/RS05/RS06 - RIGHT arm,Seeed,7.4,8,Phase 1,0.28,https://www.seeedstudio.com/Power-Cable-XT30-2-2-Female-to-XT30-2-2-Female-300mm-p-6819.html,"Ready-made power + CAN cable for the 17 integrated upper-body and neck actuators: RS06 x7, RS00 x8, RS05 x2."
Seeed BCCA4011 - XT30 (2+2) straight/right-angle F-F 300 mm cable for upper-body RS00/RS05/RS06 - left arm + waist/neck,Seeed,7.4,9,Phase 3,0.315,https://www.seeedstudio.com/Power-Cable-XT30-2-2-Female-to-XT30-2-2-Female-300mm-p-6819.html,"Ready-made power + CAN cable for the 17 integrated upper-body and neck actuators: RS06 x7, RS00 x8, RS05 x2."
AMASS XT30UW-F.G.Y - power-line connector for RS03/RS04,LCSC,0.26,10,Phase 2,0.01,https://www.lcsc.com/product-detail/C19268025.html,"Cable-side XT30 female connector for the nine selected RS03/RS04 motors: RS04 x6, RS03 hip yaw x2, RS03 waist roll x1. Qty 10 includes one spare."
JST GHR-02V-S - GH 1.25 mm 2-pin CAN housing for RS03/RS04,Conrad / DigiKey,0.05,10,Phase 2,0.01,https://www.conrad.com/en/p/jst-socket-housing-cable-gh-total-number-of-pins-2-contact-spacing-1-25-mm-ghr-02v-s-1-pc-s-1426140.html,Cable-side housing for CAN_H and CAN_L on the nine selected RS03/RS04 motors. Qty 10 includes one spare.
JST MINI-SSHL-002T-P0.2 - crimp contact for GHR-02V-S housing,DigiKey,0.21,20,Phase 2,0.02,https://www.digikey.com/en/products/detail/jst-sales-america-inc/MINI-SSHL-002T-P0-2/807861,Female crimp terminal for CAN_H/CAN_L wires inserted into the JST GH housing.
"Belden 9841NH - shielded 120 ohm CAN pair, LSZH, sold per metre (order 50 m)",Farnell Italia,425,1,Phase 2,,https://it.farnell.com/belden/9841nh/cable-rs-485-1-pair-lszh-per-m/dp/1891187,Shielded CAN data cable to cut for custom harnesses. The twisted pair carries CAN_H and CAN_L; topology should remain bus-like with short stubs.
"YAGEO MFR-25FBF52-120R - CAN termination resistor, 120 ohm, 1%",Mouser,0.1,10,Phase 1,,https://www.mouser.com/ProductDetail/YAGEO/MFR-25FBF52-120R?qs=oAGoVhmvjhwezjKtxD8soA%3D%3D,Termination resistor mounted at the two physical ends of each CAN bus. Do not place one on every motor.
Makerbase MKS CANable Pro CANable-MKS 1.0 (STM32F072) isolated USB-CAN adapter - right arm bus,OpenELAB Germany,15.95,1,Phase 1,0.03,https://openelab.de/products/mks-canable-pro-chip,"Three isolated USB-CAN interfaces supplement Thor's two native CAN controllers, giving five physical 1 Mbps buses. Use the STM32F072 CANable-MKS 1.0-compatible isolated model with candleLight/gs_usb and SocketCAN; do not silently substitute the STM32G431 MKS V2.0 because upstream candleLight firmware does not support it."
Makerbase MKS CANable Pro CANable-MKS 1.0 (STM32F072) isolated USB-CAN adapter - left arm + waist/neck buses,OpenELAB Germany,15.95,2,Phase 3,0.06,https://openelab.de/products/mks-canable-pro-chip,"Three isolated USB-CAN interfaces supplement Thor's two native CAN controllers, giving five physical 1 Mbps buses. Use the STM32F072 CANable-MKS 1.0-compatible isolated model with candleLight/gs_usb and SocketCAN; do not silently substitute the STM32G431 MKS V2.0 because upstream candleLight firmware does not support it."
"Nautica Illiano CABATR25 - red super-flexible battery cable, 25 mm2",Nautica Illiano,7.6,2,Phase 1,0.58,https://www.nauticailliano.it/en/product/super-flexible-single-core-flame-retardant-electrical-cable-for-batteries_CABAT.html,"Two meters of main positive cable for battery, main fuse, LEV100 contactor, compact power carrier and downstream distribution block."
"Nautica Illiano CABATN25 - black super-flexible battery cable, 25 mm2",Nautica Illiano,7.3,2,Phase 1,0.58,https://www.nauticailliano.it/en/product/super-flexible-single-core-flame-retardant-electrical-cable-for-batteries_CABAT.html,Two meters of main negative cable to cut for source and PDU.
"Nautica Illiano CABATR16 - red super-flexible battery cable, 16 mm2",Nautica Illiano,4.55,4,Phase 2,0.76,https://www.nauticailliano.it/en/product/super-flexible-single-core-flame-retardant-electrical-cable-for-batteries_CABAT.html,"Four meters of positive cable for the two leg branches, each protected by a 70 A BF1 fuse."
"Nautica Illiano CABATN16 - black super-flexible battery cable, 16 mm2",Nautica Illiano,4.4,4,Phase 2,0.76,https://www.nauticailliano.it/en/product/super-flexible-single-core-flame-retardant-electrical-cable-for-batteries_CABAT.html,Four meters of negative cable for the two leg branches.
"Nautica Illiano CABATR06 - red super-flexible battery cable, 6 mm2",Nautica Illiano,1.75,6,Phase 3,0.51,https://www.nauticailliano.it/en/product/super-flexible-single-core-flame-retardant-electrical-cable-for-batteries_CABAT.html,"Six meters of positive cable for waist/neck and the two arms, protected by 40 A and 30 A BF1 fuses."
"Nautica Illiano CABATN06 - black super-flexible battery cable, 6 mm2",Nautica Illiano,1.75,6,Phase 3,0.51,https://www.nauticailliano.it/en/product/super-flexible-single-core-flame-retardant-electrical-cable-for-batteries_CABAT.html,Six meters of negative cable for waist/neck and the two arms.
"Klauke 704F5 - tinned copper lug for flexible 25 mm2 cable, M5 hole",Bürklin,1.75,8,Phase 1,,https://www.buerklin.com/en/p/klauke/cable-lugs/704f5/07F1391/,Cable lugs for both sides of the main BF1 fuse holder on the 25 mm2 trunk. Two installed plus two spares.
"Klauke 703F5 - tinned copper lug for flexible 16 mm2 cable, M5 hole",Bürklin,0.85,6,Phase 2,,https://www.buerklin.com/en/p/klauke/cable-lugs/703f5/07F1381/,Cable lugs for the two leg-branch BF1 fuse holders. Four installed plus two spares.
"Klauke 101R5 - DIN tinned copper lug, 6 mm2, M5 hole",Bürklin,0.63,8,Phase 3,,https://www.buerklin.com/en/p/klauke/cable-lugs/101r5/07F2090/,Cable lugs for the waist/neck and arm branch fuse holders. Six installed plus two spares.
"Klauke K05 - manual hex crimper for tubular cable lugs, 6-50 mm2",Bürklin,293.48,1,Phase 1,,https://www.buerklin.com/en/Crimping-pliers-for%C2%A0Tubular-cable-lugs-and-connectors-6-0-50-mm%C2%B2-Klauke-K05/p/05L2734,"Tool for correctly crimping 6, 16 and 25 mm2 tubular cable lugs. Do not use generic pliers for power wiring."
Assorted heat-shrink tubing kit,Amazon,20,1,Phase 1,,https://www.amazon.it/Guaine-Termorestringenti-Tubi-Termorestringente-fai/dp/B0778D22WM,Insulation for cable lugs and joints. Add braided sleeve sizes after CAD/harness routing.
Cable ties + adhesive mounts,Amazon,10,1,Phase 1,,https://www.amazon.it/Basette-Fascette-Cablaggio-Neutro-Trasparente-Confezione/dp/B09HQYXPHZ,Cable-bundle fastening.
"[DESIGN DELIVERABLE - NOT A PURCHASE] HAR-ARM-01 arm CAN/power trunk assembly, left and right",Project harness,0,1,CAD take-off,,https://www.belden.com/products/cable/electronic-cable/data-cable/9841,"One routed trunk per arm: a protected power pair sized from the final branch current plus one 120-ohm twisted CAN pair. It must run shoulder-to-wrist with short serviceable motor drops, not seven long radial cables back to the CANable. Use the selected Belden 9841LSZH for CAN; select the exact flexible power-pair cable after CAD lengths, bend radius and current are frozen. With the hands active (2026-07-17) each arm trunk also carries the fused 24 V hand power pair and one RS485 twisted pair to the wrist; include both in the same take-off and drawing."
[DESIGN DELIVERABLE - NOT A PURCHASE] HAR-WST-01 waist/neck CAN/power trunk assembly,Project harness,0,1,CAD take-off,,https://www.belden.com/products/cable/electronic-cable/data-cable/9841,"One short torso trunk serving waist yaw, waist roll and two neck motors. Electrical topology is a CAN backbone with short drops, while 48 V power branches separately from the fused waist/neck source."
[DESIGN DELIVERABLE - NOT A PURCHASE] JBOX-CAN-01 inline CAN/power branch junction,Project PCB / harness,0,1,CAD take-off,,https://www.ti.com/lit/an/slla270/slla270.pdf,"Small inline branch assembly at each motor location: CAN-H/CAN-L through-trunk plus a short CAN drop to that motor; power is a separately rated branch. This creates a bus topology, not a star. Use one per motor only where the actuator has no CAN pass-through."
"Seeed XT30 (2+2) Power Separation Board, SKU 100045091",Seeed Studio,5,2,Phase 1,,https://www.seeedstudio.com/XT30-2-2-Power-Separation-Board-p-6707.html,"Breaks one XT30 (2+2) connector into a standard XT30 power connector and a GH1.25 two-pin CAN connector. Activated qty 2 for the MS1 arm bench: junction points to feed/tap power and CAN when daisy-chaining the 7 arm actuators with BCCA4011 leads, and the place to fit the 120 ohm bus terminations."
[DESIGN DELIVERABLE - NOT A PURCHASE] HAR-RS03RS04-01 custom RS03/RS04 power + CAN harness set,Project harness,0,1,CAD take-off,,https://www.robstride.com/assets/product_manual_robStride04-37549d59.pdf,Custom harness set for RS04 hip/knee motors and RS03 hip-yaw/waist-roll motors. Each motor receives a separate AMASS XT30UW-F.G.Y power drop and JST GHR-02V-S CAN drop from its relevant trunk; both connectors are already listed as purchasable BOM rows.
"[DESIGN DELIVERABLE - NOT A PURCHASE] HAR-MECH-01 strain relief, grommet and harness mounting plan",Project mechanical/electrical,0,1,CAD take-off,,https://www.igus.eu/info/chainflex-cable-strain-relief,"Defines every fixed clamp, flexible service loop, grommet and moving-joint strain-relief point. Harnesses must never hang from JST/GH contacts or motor connectors."
[DESIGN DELIVERABLE - NOT A PURCHASE] HAR-MAP-01 final motor connector and CAN-ID map,Project documentation,0,1,CAD take-off,,https://www.ti.com/lit/an/slla270/slla270.pdf,"Mandatory manufacturing document mapping every motor to: physical location, RobStride model, CANable/Thor bus, CAN ID, two CAN termination endpoints, power-fuse branch, connector gender, pinout and harness drawing number."
NVIDIA Jetson AGX Thor Developer Kit,Seeed / Arrow - ALREADY OWNED (lab),0,1,Phase 1,1.94,https://www.seeedstudio.com/NVIDIA-Jetson-AGX-Thor-Developer-Kit-p-9965.html,"Only onboard computer for perception, policy, state estimation and the 250 Hz RobStride target-refresh process. Dev-kit size 243.19 x 112.40 x 56.88 mm, approximately 1.94 kg; T5000 module power configurable from 40 to 130 W."
"Waveshare USB TO AUDIO USB sound card, SKU 18833",Waveshare,7.99,1,Phase 3,0.055,https://www.waveshare.com/product/usb-to-audio.htm,"Simple first-iteration robot voice board: one USB 2.0 audio device with an onboard microphone, stereo codec and PH2.0 speaker connector. It records and plays audio under Linux without a special driver; the integrated BTL speaker driver is rated 2.6 W per channel into 4 ohm."
"PUI Audio AS03604AR bare speaker, 36 mm, 4 ohm, 3 W",Mouser / DigiKey / Farnell,10,1,Phase 3,0.024,https://eu.mouser.com/ProductDetail/PUI-Audio/AS03604AR?qs=VVKQmw408U%2FBSl17uW5%2FPA%3D%3D,"Exposed frame-mount speaker for robot speech: 36 mm diameter, 8.8 mm high, 4 ohm, 3 W rated, 88 dB sensitivity. Wire one channel from the Waveshare audio board PH2.0 speaker connector to its solder pads."
LINDY 41899 USB-C male to USB-A female adapter for audio board,LINDY / EU distributors,10,1,Phase 3,0.005,https://www.lindy.eu/USB-3-2-Type-C-to-A-Adapter.htm?pi=41899&websale8=ld0101.ld021102,Connects the Waveshare USB-A audio-board cable to Thor's free normal USB-C #2 port. USB 2.0 audio is fully compatible with this USB 3.2 adapter.
"[DESIGN DELIVERABLE - NOT A PURCHASE] AUD-MNT-01 speaker pocket, retaining ring and grille",Project mechanical/electrical,0,1,CAD take-off,,https://puiaudio.com/product/s/AS03604AR,"CAD deliverable for the PUI AS03604AR: printed 36.2 mm nominal circular pocket, removable retaining ring or back-clamp, front perforated grille and rear acoustic cavity. Do not put screw heads, grille or hard support against the moving diaphragm."
RealSense D436 depth camera with RGB and IMU,RealSense Store,309.71,1,Phase 1,0.075,https://store.realsenseai.com/buy-intel-realsense-depth-camera-d436.html,"Compact head perception camera: global-shutter stereo depth, global-shutter RGB and IMU. Envelope 90 x 25 x 25 mm, mass 0.075 kg, USB-C 3.1, two M3 mounting points plus 1/4-20 thread."
Molex 0430250400 Micro-Fit 3.0 2x2 receptacle housing for Thor power,DigiKey,0.4,1,Phase 1,,https://www.digikey.com/en/products/detail/molex/0430250400/252497,Exact mating housing for the Thor developer-kit J74 2x2 Micro-Fit 3.0 power input. NVIDIA pinout looking into the board: pins 1-2 are 24 V power and pins 3-4 are ground.
"Molex 0430300040 Micro-Fit 3.0 female crimp contact, 18 AWG, for Thor power",DigiKey,0.2,8,Phase 1,,https://www.digikey.com/en/products/detail/molex/0430300040/11503719,Four contacts are required for the Thor harness and four are spares for crimp qualification. Use 18 AWG flexible copper wire for each of the two 24 V and two ground circuits.
Phidgets MOT0110_0 PhidgetSpatial Precision 3/3/3 pelvis IMU,Phidgets / EU distributors,91.86,1,Phase 2,0.03,https://www.phidgets.com/?prodid=1205,"Selected base IMU for the open-source build: factory-calibrated 3-axis accelerometer +/-16 g, gyroscope +/-2000 deg/s and magnetometer +/-8 G; synchronized timestamps, built-in IMU/AHRS algorithms, USB and Linux Phidget22 support, up to 1 kHz sampling. Enclosed dimensions 38.989 x 37.846 x 13.380 mm; CAD mass budget 0.030 kg."
"Phidgets CBL4011_0 USB-A to Mini-B right-angle cable, 280 mm, for pelvis IMU",Phidgets,3.06,1,Phase 2,0.02,https://www.phidgets.com/?prodid=1248,Short official cable from the MOT0110_0 to the powered USB hub. Right-angle Mini-B reduces bend space at the pelvis IMU; route and clamp it so hip/waist motion cannot pull the connector.
